{"weights":{"Housing":0.310583,"Safety":1.131941,"Income":0.120384,"Life_Satisfaction":0.461276,"Civic":0.831167,"Work_Life_Balance":0.565590,"Jobs":0.105616,"Community":0.596468,"Education":1.149813,"Environment":0.529234,"Health":0.320119,"Alcohol":0.562267,"Foods":0.579736}}